{
  "numeric_columns": [
    "soil_moisture_%",
    "temperature_C",
    "humidity_%",
    "rainfall_mm",
    "crop_age_days"
  ],
  "data_min": [
    8.35,
    15.0,
    30.0,
    0.0,
    1.0
  ],
  "data_max": [
    44.88,
    37.99,
    94.99,
    31.47,
    120.0
  ],
  "scale": [
    0.027374760470845878,
    0.04349717268377555,
    0.015386982612709649,
    0.03177629488401652,
    0.008403361344537815
  ],
  "min": [
    -0.22857924993156306,
    -0.6524575902566333,
    -0.46160947838128946,
    0.0,
    -0.008403361344537815
  ],
  "crop_classes": [
    "Maize",
    "Rice",
    "Tomato",
    "Wheat"
  ],
  "soil_classes": [
    "Clayey",
    "Loamy",
    "Sandy",
    "Silty"
  ]
}